id,question_type,difficulty,n_evidence,n_papers,n_relevant_chunks,n_retrieved,scorable,mrr,first_hit_rank,recall@1,coverage@1,ndcg@1,hit_spans@1,recall@3,coverage@3,ndcg@3,hit_spans@3,recall@5,coverage@5,ndcg@5,hit_spans@5,recall@10,coverage@10,ndcg@10,hit_spans@10,recall@20,coverage@20,ndcg@20,hit_spans@20,recall@B5000,coverage@B5000,k@B5000,hit_spans@B5000,recall@B10000,coverage@B10000,k@B10000,hit_spans@B10000,recall@B20000,coverage@B20000,k@B20000,hit_spans@B20000,recall@B40000,coverage@B40000,k@B40000,hit_spans@B40000
a001,ambiguous,hard,3,2,5,50,True,0.5,2.0,0.0,0.0,0.0,,1.0,0.6666666666666666,0.2960819109658652,0;1,1.0,0.6666666666666666,0.21398626473452756,0;1,1.0,0.6666666666666666,0.21398626473452756,0;1,1.0,0.6666666666666666,0.21398626473452756,0;1,1.0,0.6666666666666666,2.0,0;1,1.0,0.6666666666666666,5.0,0;1,1.0,0.6666666666666666,9.0,0;1,1.0,0.6666666666666666,18.0,0;1
a002,ambiguous,medium,3,3,6,50,True,0.0,,0.0,0.0,0.0,,0.0,0.0,0.0,,0.0,0.0,0.0,,0.0,0.0,0.0,,0.0,0.0,0.0,,0.0,0.0,2.0,,0.0,0.0,4.0,,0.0,0.0,8.0,,0.0,0.0,18.0,
a003,ambiguous,medium,3,3,4,50,True,0.0,,0.0,0.0,0.0,,0.0,0.0,0.0,,0.0,0.0,0.0,,0.0,0.0,0.0,,0.0,0.0,0.0,,0.0,0.0,2.0,,0.0,0.0,4.0,,0.0,0.0,8.0,,0.0,0.0,16.0,
a004,ambiguous,hard,3,3,5,50,True,0.0625,16.0,0.0,0.0,0.0,,0.0,0.0,0.0,,0.0,0.0,0.0,,0.0,0.0,0.0,,1.0,0.3333333333333333,0.08297572808511901,0,0.0,0.0,2.0,,0.0,0.0,5.0,,0.0,0.0,9.0,,1.0,0.3333333333333333,19.0,0
a005,ambiguous,hard,2,1,3,50,True,1.0,1.0,1.0,0.5,1.0,0,1.0,0.5,0.46927872602275644,0,1.0,0.5,0.46927872602275644,0,1.0,0.5,0.46927872602275644,0,1.0,1.0,0.5778595991237899,0;1,1.0,0.5,2.0,0,1.0,0.5,5.0,0,1.0,0.5,10.0,0,1.0,1.0,19.0,0;1
a006,ambiguous,hard,3,3,6,50,True,1.0,1.0,1.0,0.3333333333333333,1.0,1,1.0,0.3333333333333333,0.46927872602275644,1,1.0,0.3333333333333333,0.3391602052736161,1,1.0,0.3333333333333333,0.30260241349881345,1,1.0,0.3333333333333333,0.30260241349881345,1,1.0,0.3333333333333333,2.0,1,1.0,0.3333333333333333,4.0,1,1.0,0.3333333333333333,9.0,1,1.0,0.3333333333333333,18.0,1
c001,comparative,medium,2,2,3,50,True,0.2,5.0,0.0,0.0,0.0,,0.0,0.0,0.0,,1.0,0.5,0.18154179253735267,1,1.0,0.5,0.18154179253735267,1,1.0,0.5,0.18154179253735267,1,0.0,0.0,2.0,,1.0,0.5,5.0,1,1.0,0.5,10.0,1,1.0,0.5,20.0,1
c002,comparative,hard,2,2,3,50,True,0.0,,0.0,0.0,0.0,,0.0,0.0,0.0,,0.0,0.0,0.0,,0.0,0.0,0.0,,0.0,0.0,0.0,,0.0,0.0,2.0,,0.0,0.0,4.0,,0.0,0.0,9.0,,0.0,0.0,18.0,
c003,comparative,medium,2,2,4,50,True,0.125,8.0,0.0,0.0,0.0,,0.0,0.0,0.0,,0.0,0.0,0.0,,1.0,1.0,0.23599633571930026,0;1,1.0,1.0,0.23599633571930026,0;1,0.0,0.0,2.0,,0.0,0.0,4.0,,1.0,0.5,9.0,0,1.0,1.0,19.0,0;1
c004,comparative,easy,2,2,3,50,True,0.021739130434782608,46.0,0.0,0.0,0.0,,0.0,0.0,0.0,,0.0,0.0,0.0,,0.0,0.0,0.0,,0.0,0.0,0.0,,0.0,0.0,2.0,,0.0,0.0,4.0,,0.0,0.0,9.0,,0.0,0.0,19.0,
c005,comparative,medium,2,2,3,50,True,0.0,,0.0,0.0,0.0,,0.0,0.0,0.0,,0.0,0.0,0.0,,0.0,0.0,0.0,,0.0,0.0,0.0,,0.0,0.0,2.0,,0.0,0.0,4.0,,0.0,0.0,9.0,,0.0,0.0,19.0,
c006,comparative,medium,2,2,2,50,True,0.14285714285714285,7.0,0.0,0.0,0.0,,0.0,0.0,0.0,,0.0,0.0,0.0,,1.0,0.5,0.20438239758848611,1,1.0,0.5,0.20438239758848611,1,0.0,0.0,2.0,,0.0,0.0,4.0,,1.0,0.5,9.0,1,1.0,0.5,19.0,1
c007,comparative,easy,2,2,3,50,True,0.14285714285714285,7.0,0.0,0.0,0.0,,0.0,0.0,0.0,,0.0,0.0,0.0,,1.0,0.5,0.15642624200758548,0,1.0,0.5,0.15642624200758548,0,0.0,0.0,2.0,,0.0,0.0,5.0,,1.0,0.5,9.0,0,1.0,0.5,20.0,0
c008,comparative,hard,2,2,3,50,True,0.1,10.0,0.0,0.0,0.0,,0.0,0.0,0.0,,0.0,0.0,0.0,,1.0,0.5,0.13565197343244778,0,1.0,0.5,0.13565197343244778,0,0.0,0.0,2.0,,0.0,0.0,4.0,,1.0,0.5,10.0,0,1.0,0.5,19.0,0
c009,comparative,hard,2,2,4,50,True,1.0,1.0,1.0,0.5,1.0,0,1.0,1.0,0.7653606369886217,0;1,1.0,1.0,0.6366824387328317,0;1,1.0,1.0,0.7541985434892589,0;1,1.0,1.0,0.7541985434892589,0;1,1.0,1.0,2.0,0;1,1.0,1.0,4.0,0;1,1.0,1.0,8.0,0;1,1.0,1.0,18.0,0;1
c010,comparative,medium,2,2,3,50,True,1.0,1.0,1.0,0.5,1.0,1,1.0,1.0,0.7653606369886217,0;1,1.0,1.0,0.7653606369886217,0;1,1.0,1.0,0.7653606369886217,0;1,1.0,1.0,0.8739415100896553,0;1,1.0,1.0,2.0,0;1,1.0,1.0,4.0,0;1,1.0,1.0,9.0,0;1,1.0,1.0,19.0,0;1
c011,comparative,hard,2,2,3,50,True,0.5,2.0,0.0,0.0,0.0,,1.0,0.5,0.2960819109658652,1,1.0,0.5,0.2960819109658652,1,1.0,0.5,0.2960819109658652,1,1.0,1.0,0.5314798008992924,0;1,1.0,0.5,2.0,1,1.0,0.5,4.0,1,1.0,0.5,9.0,1,1.0,1.0,19.0,0;1
c012,comparative,hard,2,2,4,50,True,0.25,4.0,0.0,0.0,0.0,,0.0,0.0,0.0,,1.0,0.5,0.16812753627111746,1,1.0,0.5,0.16812753627111746,1,1.0,0.5,0.27066067488933937,1,0.0,0.0,2.0,,1.0,0.5,4.0,1,1.0,0.5,9.0,1,1.0,0.5,18.0,1
c013,comparative,hard,2,2,4,50,True,1.0,1.0,1.0,0.5,1.0,1,1.0,0.5,0.46927872602275644,1,1.0,0.5,0.5413996682199069,1,1.0,0.5,0.5413996682199069,1,1.0,0.5,0.5413996682199069,1,1.0,0.5,2.0,1,1.0,0.5,4.0,1,1.0,0.5,8.0,1,1.0,0.5,18.0,1
c014,comparative,hard,2,2,4,50,True,1.0,1.0,1.0,0.5,1.0,1,1.0,0.5,0.7653606369886217,1,1.0,1.0,0.787702056960637,0;1,1.0,1.0,0.787702056960637,0;1,1.0,1.0,0.8965958180288691,0;1,1.0,0.5,2.0,1,1.0,0.5,4.0,1,1.0,1.0,8.0,0;1,1.0,1.0,18.0,0;1
f001,factual,easy,1,1,1,50,True,0.3333333333333333,3.0,0.0,0.0,0.0,,1.0,1.0,0.5,0,1.0,1.0,0.5,0,1.0,1.0,0.5,0,1.0,1.0,0.5,0,0.0,0.0,2.0,,1.0,1.0,4.0,0,1.0,1.0,9.0,0,1.0,1.0,18.0,0
f002,factual,medium,1,1,2,50,True,1.0,1.0,1.0,1.0,1.0,0,1.0,1.0,1.0,0,1.0,1.0,1.0,0,1.0,1.0,1.0,0,1.0,1.0,1.0,0,1.0,1.0,2.0,0,1.0,1.0,4.0,0,1.0,1.0,9.0,0,1.0,1.0,18.0,0
f003,factual,hard,1,1,1,50,True,1.0,1.0,1.0,1.0,1.0,0,1.0,1.0,1.0,0,1.0,1.0,1.0,0,1.0,1.0,1.0,0,1.0,1.0,1.0,0,1.0,1.0,3.0,0,1.0,1.0,5.0,0,1.0,1.0,10.0,0,1.0,1.0,20.0,0
f004,factual,medium,1,1,1,50,True,0.5,2.0,0.0,0.0,0.0,,1.0,1.0,0.6309297535714575,0,1.0,1.0,0.6309297535714575,0,1.0,1.0,0.6309297535714575,0,1.0,1.0,0.6309297535714575,0,1.0,1.0,2.0,0,1.0,1.0,4.0,0,1.0,1.0,10.0,0,1.0,1.0,19.0,0
f005,factual,easy,1,1,1,50,True,0.2,5.0,0.0,0.0,0.0,,0.0,0.0,0.0,,1.0,1.0,0.38685280723454163,0,1.0,1.0,0.38685280723454163,0,1.0,1.0,0.38685280723454163,0,0.0,0.0,2.0,,0.0,0.0,4.0,,1.0,1.0,9.0,0,1.0,1.0,19.0,0
f006,factual,easy,1,1,2,50,True,1.0,1.0,1.0,1.0,1.0,0,1.0,1.0,0.6131471927654584,0,1.0,1.0,0.6131471927654584,0,1.0,1.0,0.8175295903539445,0,1.0,1.0,0.8175295903539445,0,1.0,1.0,2.0,0,1.0,1.0,4.0,0,1.0,1.0,9.0,0,1.0,1.0,19.0,0
f007,factual,medium,1,1,2,50,True,0.5,2.0,0.0,0.0,0.0,,1.0,1.0,0.38685280723454163,0,1.0,1.0,0.38685280723454163,0,1.0,1.0,0.5714285040141098,0,1.0,1.0,0.5714285040141098,0,1.0,1.0,2.0,0,1.0,1.0,5.0,0,1.0,1.0,10.0,0,1.0,1.0,19.0,0
f008,factual,medium,1,1,1,50,True,1.0,1.0,1.0,1.0,1.0,0,1.0,1.0,1.0,0,1.0,1.0,1.0,0,1.0,1.0,1.0,0,1.0,1.0,1.0,0,1.0,1.0,2.0,0,1.0,1.0,4.0,0,1.0,1.0,9.0,0,1.0,1.0,20.0,0
f009,factual,easy,1,1,1,50,True,0.5,2.0,0.0,0.0,0.0,,1.0,1.0,0.6309297535714575,0,1.0,1.0,0.6309297535714575,0,1.0,1.0,0.6309297535714575,0,1.0,1.0,0.6309297535714575,0,1.0,1.0,2.0,0,1.0,1.0,5.0,0,1.0,1.0,10.0,0,1.0,1.0,20.0,0
f010,factual,medium,1,1,2,50,True,0.03125,32.0,0.0,0.0,0.0,,0.0,0.0,0.0,,0.0,0.0,0.0,,0.0,0.0,0.0,,0.0,0.0,0.0,,0.0,0.0,2.0,,0.0,0.0,4.0,,0.0,0.0,9.0,,0.0,0.0,18.0,
f011,factual,medium,1,1,1,50,True,0.5,2.0,0.0,0.0,0.0,,1.0,1.0,0.6309297535714575,0,1.0,1.0,0.6309297535714575,0,1.0,1.0,0.6309297535714575,0,1.0,1.0,0.6309297535714575,0,1.0,1.0,2.0,0,1.0,1.0,5.0,0,1.0,1.0,9.0,0,1.0,1.0,19.0,0
f012,factual,medium,1,1,2,50,True,1.0,1.0,1.0,1.0,1.0,0,1.0,1.0,1.0,0,1.0,1.0,1.0,0,1.0,1.0,1.0,0,1.0,1.0,1.0,0,1.0,1.0,2.0,0,1.0,1.0,5.0,0,1.0,1.0,10.0,0,1.0,1.0,22.0,0
f013,factual,medium,1,1,2,50,True,0.043478260869565216,23.0,0.0,0.0,0.0,,0.0,0.0,0.0,,0.0,0.0,0.0,,0.0,0.0,0.0,,0.0,0.0,0.0,,0.0,0.0,2.0,,0.0,0.0,4.0,,0.0,0.0,9.0,,0.0,0.0,18.0,
f014,factual,medium,1,1,2,50,True,0.2,5.0,0.0,0.0,0.0,,0.0,0.0,0.0,,1.0,1.0,0.23719771276929622,0,1.0,1.0,0.23719771276929622,0,1.0,1.0,0.23719771276929622,0,0.0,0.0,2.0,,1.0,1.0,5.0,0,1.0,1.0,10.0,0,1.0,1.0,20.0,0
f015,factual,hard,1,1,1,50,True,0.3333333333333333,3.0,0.0,0.0,0.0,,1.0,1.0,0.5,0,1.0,1.0,0.5,0,1.0,1.0,0.5,0,1.0,1.0,0.5,0,0.0,0.0,2.0,,1.0,1.0,5.0,0,1.0,1.0,11.0,0,1.0,1.0,21.0,0
f016,factual,medium,1,1,2,50,True,0.16666666666666666,6.0,0.0,0.0,0.0,,0.0,0.0,0.0,,0.0,0.0,0.0,,1.0,1.0,0.21840743681816419,0,1.0,1.0,0.21840743681816419,0,0.0,0.0,2.0,,0.0,0.0,5.0,,1.0,1.0,10.0,0,1.0,1.0,19.0,0
f017,factual,medium,1,1,1,50,True,0.045454545454545456,22.0,0.0,0.0,0.0,,0.0,0.0,0.0,,0.0,0.0,0.0,,0.0,0.0,0.0,,0.0,0.0,0.0,,0.0,0.0,2.0,,0.0,0.0,4.0,,0.0,0.0,9.0,,0.0,0.0,19.0,
f018,factual,medium,1,1,2,50,True,0.16666666666666666,6.0,0.0,0.0,0.0,,0.0,0.0,0.0,,0.0,0.0,0.0,,1.0,1.0,0.41183384043543503,0,1.0,1.0,0.41183384043543503,0,0.0,0.0,2.0,,0.0,0.0,4.0,,1.0,1.0,9.0,0,1.0,1.0,19.0,0
f019,factual,medium,1,1,2,50,True,1.0,1.0,1.0,1.0,1.0,0,1.0,1.0,1.0,0,1.0,1.0,1.0,0,1.0,1.0,1.0,0,1.0,1.0,1.0,0,1.0,1.0,2.0,0,1.0,1.0,4.0,0,1.0,1.0,9.0,0,1.0,1.0,18.0,0
f020,factual,medium,1,1,2,50,True,1.0,1.0,1.0,1.0,1.0,0,1.0,1.0,0.6131471927654584,0,1.0,1.0,0.6131471927654584,0,1.0,1.0,0.6131471927654584,0,1.0,1.0,0.7841802768331765,0,1.0,1.0,2.0,0,1.0,1.0,4.0,0,1.0,1.0,9.0,0,1.0,1.0,18.0,0
m001,multi_hop,hard,2,2,3,50,True,1.0,1.0,1.0,0.5,1.0,1,1.0,1.0,0.7653606369886217,0;1,1.0,1.0,0.7653606369886217,0;1,1.0,1.0,0.9066276098484507,0;1,1.0,1.0,0.9066276098484507,0;1,1.0,1.0,2.0,0;1,1.0,1.0,4.0,0;1,1.0,1.0,8.0,0;1,1.0,1.0,17.0,0;1
m002,multi_hop,hard,2,2,4,50,True,1.0,1.0,1.0,0.5,1.0,0,1.0,0.5,0.46927872602275644,0,1.0,0.5,0.3903800499921017,0,1.0,0.5,0.3903800499921017,0,1.0,1.0,0.490300956513237,0;1,1.0,0.5,2.0,0,1.0,0.5,4.0,0,1.0,0.5,9.0,0,1.0,1.0,18.0,0;1
m003,multi_hop,hard,2,2,4,50,True,1.0,1.0,1.0,0.5,1.0,0,1.0,0.5,0.7039180890341347,0,1.0,0.5,0.5855700749881525,0,1.0,0.5,0.5855700749881525,0,1.0,0.5,0.5855700749881525,0,1.0,0.5,2.0,0,1.0,0.5,4.0,0,1.0,0.5,8.0,0,1.0,0.5,18.0,0
m004,multi_hop,hard,2,2,3,50,True,1.0,1.0,1.0,0.5,1.0,1,1.0,1.0,0.7653606369886217,0;1,1.0,1.0,0.7653606369886217,0;1,1.0,1.0,0.7653606369886217,0;1,1.0,1.0,0.7653606369886217,0;1,1.0,1.0,2.0,0;1,1.0,1.0,4.0,0;1,1.0,1.0,9.0,0;1,1.0,1.0,18.0,0;1
m005,multi_hop,hard,2,2,3,50,True,0.2,5.0,0.0,0.0,0.0,,0.0,0.0,0.0,,1.0,0.5,0.18154179253735267,1,1.0,0.5,0.18154179253735267,1,1.0,0.5,0.18154179253735267,1,0.0,0.0,2.0,,0.0,0.0,4.0,,1.0,0.5,9.0,1,1.0,0.5,18.0,1
m006,multi_hop,hard,2,2,3,50,True,1.0,1.0,1.0,0.5,1.0,1,1.0,1.0,0.7653606369886217,0;1,1.0,1.0,0.7653606369886217,0;1,1.0,1.0,0.7653606369886217,0;1,1.0,1.0,0.7653606369886217,0;1,1.0,1.0,2.0,0;1,1.0,1.0,4.0,0;1,1.0,1.0,9.0,0;1,1.0,1.0,18.0,0;1
m007,multi_hop,hard,2,2,4,50,True,1.0,1.0,1.0,0.5,1.0,0,1.0,0.5,0.46927872602275644,0,1.0,0.5,0.3903800499921017,0,1.0,0.5,0.3903800499921017,0,1.0,0.5,0.3903800499921017,0,1.0,0.5,2.0,0,1.0,0.5,4.0,0,1.0,0.5,8.0,0,1.0,0.5,18.0,0
m008,multi_hop,hard,2,2,2,50,True,0.3333333333333333,3.0,0.0,0.0,0.0,,1.0,0.5,0.3065735963827292,0,1.0,0.5,0.3065735963827292,0,1.0,0.5,0.3065735963827292,0,1.0,0.5,0.3065735963827292,0,0.0,0.0,2.0,,1.0,0.5,4.0,0,1.0,0.5,9.0,0,1.0,0.5,18.0,0
m009,multi_hop,hard,2,2,3,50,True,1.0,1.0,1.0,0.5,1.0,1,1.0,0.5,0.46927872602275644,1,1.0,1.0,0.6713860725233041,0;1,1.0,1.0,0.6713860725233041,0;1,1.0,1.0,0.6713860725233041,0;1,1.0,0.5,2.0,1,1.0,1.0,4.0,0;1,1.0,1.0,9.0,0;1,1.0,1.0,18.0,0;1
m010,multi_hop,hard,2,2,3,50,True,0.5,2.0,0.0,0.0,0.0,,1.0,0.5,0.2960819109658652,0,1.0,0.5,0.49818925746641285,0,1.0,0.5,0.49818925746641285,0,1.0,0.5,0.49818925746641285,0,1.0,0.5,2.0,0,1.0,0.5,5.0,0,1.0,0.5,9.0,0,1.0,0.5,19.0,0
m011,multi_hop,hard,2,2,4,50,True,0.5,2.0,0.0,0.0,0.0,,1.0,0.5,0.2960819109658652,0,1.0,0.5,0.24630238874073,0,1.0,0.5,0.24630238874073,0,1.0,1.0,0.3488355273589519,0;1,1.0,0.5,2.0,0,1.0,0.5,4.0,0,1.0,0.5,8.0,0,1.0,1.0,18.0,0;1
m012,multi_hop,hard,2,2,4,50,True,0.25,4.0,0.0,0.0,0.0,,0.0,0.0,0.0,,1.0,0.5,0.16812753627111746,0,1.0,0.5,0.3071837157818931,0,1.0,1.0,0.41607747685012525,0;1,0.0,0.0,2.0,,1.0,0.5,5.0,0,1.0,0.5,9.0,0,1.0,1.0,19.0,0;1
m013,multi_hop,hard,2,2,2,50,True,0.2,5.0,0.0,0.0,0.0,,0.0,0.0,0.0,,1.0,0.5,0.23719771276929622,0,1.0,0.5,0.23719771276929622,0,1.0,0.5,0.23719771276929622,0,0.0,0.0,2.0,,0.0,0.0,4.0,,1.0,0.5,9.0,0,1.0,0.5,18.0,0
m014,multi_hop,hard,2,2,3,50,True,0.5,2.0,0.0,0.0,0.0,,1.0,0.5,0.2960819109658652,0,1.0,0.5,0.2960819109658652,0,1.0,0.5,0.2960819109658652,0,1.0,0.5,0.2960819109658652,0,1.0,0.5,2.0,0,1.0,0.5,4.0,0,1.0,0.5,9.0,0,1.0,0.5,17.0,0
m015,multi_hop,hard,2,2,3,50,True,1.0,1.0,1.0,0.5,1.0,0,1.0,0.5,0.46927872602275644,0,1.0,0.5,0.46927872602275644,0,1.0,1.0,0.7720911544214064,0;1,1.0,1.0,0.7720911544214064,0;1,1.0,0.5,2.0,0,1.0,0.5,4.0,0,1.0,1.0,8.0,0;1,1.0,1.0,18.0,0;1
m016,multi_hop,hard,2,2,3,50,True,1.0,1.0,1.0,0.5,1.0,0,1.0,1.0,0.7039180890341347,0;1,1.0,1.0,0.7039180890341347,0;1,1.0,1.0,0.7039180890341347,0;1,1.0,1.0,0.814390483993232,0;1,1.0,0.5,2.0,0,1.0,1.0,4.0,0;1,1.0,1.0,9.0,0;1,1.0,1.0,18.0,0;1
m017,multi_hop,hard,2,2,2,50,True,0.16666666666666666,6.0,0.0,0.0,0.0,,0.0,0.0,0.0,,0.0,0.0,0.0,,1.0,0.5,0.21840743681816419,1,1.0,0.5,0.21840743681816419,1,0.0,0.0,2.0,,0.0,0.0,4.0,,1.0,0.5,9.0,1,1.0,0.5,18.0,1
m018,multi_hop,hard,2,2,3,50,True,0.5,2.0,0.0,0.0,0.0,,1.0,0.5,0.2960819109658652,0,1.0,0.5,0.2960819109658652,0,1.0,1.0,0.431733884398313,0;1,1.0,1.0,0.431733884398313,0;1,1.0,0.5,2.0,0,1.0,0.5,4.0,0,1.0,0.5,9.0,0,1.0,1.0,19.0,0;1
u001,unanswerable,hard,0,0,,0,False,,,,,,,,,,,,,,,,,,,,,,,,,,,,,,,,,,,,,,
u002,unanswerable,medium,0,0,,0,False,,,,,,,,,,,,,,,,,,,,,,,,,,,,,,,,,,,,,,
u003,unanswerable,hard,0,0,,0,False,,,,,,,,,,,,,,,,,,,,,,,,,,,,,,,,,,,,,,
u004,unanswerable,medium,0,0,,0,False,,,,,,,,,,,,,,,,,,,,,,,,,,,,,,,,,,,,,,
u005,unanswerable,hard,0,0,,0,False,,,,,,,,,,,,,,,,,,,,,,,,,,,,,,,,,,,,,,
u006,unanswerable,medium,0,0,,0,False,,,,,,,,,,,,,,,,,,,,,,,,,,,,,,,,,,,,,,
u007,unanswerable,medium,0,0,,0,False,,,,,,,,,,,,,,,,,,,,,,,,,,,,,,,,,,,,,,
u008,unanswerable,hard,0,0,,0,False,,,,,,,,,,,,,,,,,,,,,,,,,,,,,,,,,,,,,,
u009,unanswerable,medium,0,0,,0,False,,,,,,,,,,,,,,,,,,,,,,,,,,,,,,,,,,,,,,
u010,unanswerable,medium,0,0,,0,False,,,,,,,,,,,,,,,,,,,,,,,,,,,,,,,,,,,,,,
u011,unanswerable,medium,0,0,,0,False,,,,,,,,,,,,,,,,,,,,,,,,,,,,,,,,,,,,,,
u012,unanswerable,medium,0,0,,0,False,,,,,,,,,,,,,,,,,,,,,,,,,,,,,,,,,,,,,,
u013,unanswerable,medium,0,0,,0,False,,,,,,,,,,,,,,,,,,,,,,,,,,,,,,,,,,,,,,
u014,unanswerable,medium,0,0,,0,False,,,,,,,,,,,,,,,,,,,,,,,,,,,,,,,,,,,,,,
u015,unanswerable,hard,0,0,,0,False,,,,,,,,,,,,,,,,,,,,,,,,,,,,,,,,,,,,,,
u016,unanswerable,hard,0,0,,0,False,,,,,,,,,,,,,,,,,,,,,,,,,,,,,,,,,,,,,,
